{"cameraMode":{"drawMode":0,"name":"Shaded","section":"Shading Mode"},"sceneLighting":false,"audioPlay":false,"sceneViewState":{"showFog":true,"showMaterialUpdate":false,"showSkybox":false,"showFlares":true,"showImageEffects":true,"showParticleSystems":true},"in2DMode":false,"pivot":{"x":-7.433389186859131,"y":3.537580966949463,"z":6.579192638397217},"rotation":{"x":0.04984651505947113,"y":-0.9461292624473572,"z":0.17687703669071198,"w":0.26673781871795657},"size":7.310041904449463,"orthographic":false}