{"cameraMode":{"drawMode":0,"name":"Shaded","section":"Shading Mode"},"sceneLighting":false,"audioPlay":false,"sceneViewState":{"showFog":true,"showMaterialUpdate":false,"showSkybox":false,"showFlares":true,"showImageEffects":true,"showParticleSystems":true},"in2DMode":false,"pivot":{"x":-1.7102903127670289,"y":2.088179111480713,"z":6.8816633224487309},"rotation":{"x":0.08988995850086212,"y":-0.9090731739997864,"z":0.2652111053466797,"w":0.3086718022823334},"size":1.747237205505371,"orthographic":false}