{"cameraMode":{"drawMode":0,"name":"Shaded","section":"Shading Mode"},"sceneLighting":false,"audioPlay":false,"sceneViewState":{"showFog":true,"showMaterialUpdate":false,"showSkybox":false,"showFlares":true,"showImageEffects":true,"showParticleSystems":true},"in2DMode":false,"pivot":{"x":-1.504728078842163,"y":2.8058924674987795,"z":7.437716007232666},"rotation":{"x":-0.0703054666519165,"y":-0.9287386536598206,"z":0.27996817231178286,"w":-0.23287831246852876},"size":0.6894713044166565,"orthographic":false}